user_id,age_group,location,previous_purchases,last_offer,response
2000,adult,IN,9,discount,no_click
2001,young,UK,2,free_shipping,no_click
2002,young,IN,2,discount,click
2003,adult,AU,0,buy1get1,no_click
2004,young,IN,7,buy1get1,no_click
2005,senior,CA,8,buy1get1,click
2006,young,US,8,free_shipping,no_click
2007,senior,US,2,buy1get1,click
2008,senior,IN,2,discount,no_click
2009,young,IN,3,discount,click
2010,young,CA,2,discount,click
2011,adult,CA,1,free_shipping,click
2012,adult,IN,5,free_shipping,no_click
2013,young,IN,6,free_shipping,no_click
2014,senior,CA,6,discount,no_click
2015,young,IN,8,buy1get1,no_click
2016,senior,UK,8,buy1get1,click
2017,adult,AU,6,buy1get1,no_click
2018,senior,US,4,discount,no_click
2019,senior,AU,10,buy1get1,click
2020,senior,US,9,free_shipping,no_click
2021,adult,UK,1,discount,click
2022,senior,UK,10,discount,no_click
2023,senior,AU,9,free_shipping,no_click
2024,adult,UK,4,discount,click
2025,young,CA,6,buy1get1,no_click
2026,senior,CA,9,discount,no_click
2027,adult,AU,5,free_shipping,no_click
2028,adult,AU,8,buy1get1,click
2029,young,CA,3,free_shipping,click
2030,senior,CA,8,free_shipping,no_click
2031,senior,IN,1,free_shipping,no_click
2032,young,IN,2,buy1get1,click
2033,young,IN,3,free_shipping,no_click
2034,adult,US,10,buy1get1,no_click
2035,adult,UK,4,buy1get1,no_click
2036,senior,US,8,buy1get1,no_click
2037,adult,AU,1,free_shipping,click
2038,senior,AU,4,free_shipping,no_click
2039,adult,IN,5,free_shipping,no_click
2040,senior,US,7,free_shipping,no_click
2041,adult,IN,2,discount,click
2042,adult,US,0,buy1get1,no_click
2043,adult,UK,2,buy1get1,no_click
2044,senior,UK,0,buy1get1,no_click
2045,adult,US,10,buy1get1,no_click
2046,young,UK,10,buy1get1,click
2047,senior,IN,2,buy1get1,click
2048,young,UK,8,free_shipping,click
2049,adult,IN,4,buy1get1,no_click
2050,young,UK,7,free_shipping,click
2051,adult,CA,3,buy1get1,click
2052,young,AU,7,buy1get1,no_click
2053,adult,AU,9,free_shipping,no_click
2054,senior,US,7,free_shipping,no_click
2055,adult,UK,2,buy1get1,no_click
2056,senior,UK,6,buy1get1,click
2057,young,US,5,buy1get1,no_click
2058,senior,UK,1,buy1get1,no_click
2059,senior,UK,3,free_shipping,no_click
2060,adult,AU,9,discount,click
2061,senior,US,7,discount,no_click
2062,adult,US,3,buy1get1,no_click
2063,senior,UK,5,discount,no_click
2064,adult,IN,0,discount,click
2065,young,AU,7,discount,no_click
2066,senior,CA,2,discount,no_click
2067,young,CA,10,buy1get1,no_click
2068,senior,US,5,free_shipping,click
2069,adult,UK,9,buy1get1,no_click
2070,senior,AU,6,discount,no_click
2071,senior,CA,2,free_shipping,click
2072,senior,UK,5,discount,no_click
2073,young,CA,10,buy1get1,click
2074,senior,CA,5,discount,no_click
2075,young,CA,0,free_shipping,click
2076,young,IN,1,discount,no_click
2077,senior,AU,4,free_shipping,no_click
2078,young,IN,9,free_shipping,no_click
2079,young,UK,6,discount,no_click
2080,adult,CA,8,discount,no_click
2081,senior,AU,6,discount,no_click
2082,young,IN,7,buy1get1,click
2083,adult,UK,7,discount,no_click
2084,adult,IN,4,discount,click
2085,young,AU,2,free_shipping,no_click
2086,adult,AU,7,free_shipping,no_click
2087,young,UK,1,buy1get1,no_click
2088,adult,IN,0,buy1get1,no_click
2089,adult,AU,5,free_shipping,no_click
2090,young,UK,4,buy1get1,no_click
2091,adult,CA,0,buy1get1,no_click
2092,young,US,8,discount,click
2093,young,AU,0,free_shipping,click
2094,senior,UK,3,free_shipping,no_click
2095,adult,CA,5,discount,no_click
2096,young,UK,10,buy1get1,no_click
2097,young,US,10,discount,no_click
2098,senior,IN,0,buy1get1,click
2099,senior,IN,0,discount,no_click
2100,young,US,2,discount,no_click
2101,senior,CA,5,buy1get1,click
2102,senior,CA,2,buy1get1,click
2103,senior,IN,4,buy1get1,click
2104,senior,UK,9,free_shipping,no_click
2105,adult,UK,7,discount,no_click
2106,young,IN,8,free_shipping,click
2107,senior,UK,6,free_shipping,no_click
2108,young,US,9,free_shipping,click
2109,young,UK,3,discount,no_click
2110,senior,US,3,buy1get1,click
2111,senior,IN,5,discount,no_click
2112,young,US,9,free_shipping,no_click
2113,young,AU,5,buy1get1,no_click
2114,senior,AU,6,buy1get1,click
2115,young,US,1,buy1get1,no_click
2116,young,UK,9,free_shipping,no_click
2117,senior,AU,1,buy1get1,click
2118,young,US,9,buy1get1,no_click
2119,young,US,0,buy1get1,click
2120,adult,AU,9,buy1get1,click
2121,adult,US,10,buy1get1,no_click
2122,senior,US,5,discount,no_click
2123,senior,US,10,free_shipping,no_click
2124,senior,US,6,free_shipping,click
2125,senior,UK,10,free_shipping,no_click
2126,young,UK,1,discount,no_click
2127,senior,AU,8,buy1get1,no_click
2128,senior,IN,0,buy1get1,no_click
2129,adult,CA,9,buy1get1,no_click
2130,young,US,10,buy1get1,no_click
2131,senior,AU,7,discount,no_click
2132,adult,UK,4,discount,no_click
2133,young,AU,1,buy1get1,no_click
2134,adult,US,0,discount,no_click
2135,young,IN,9,discount,no_click
2136,senior,US,5,free_shipping,no_click
2137,adult,UK,1,discount,no_click
2138,adult,AU,9,discount,no_click
2139,adult,US,4,free_shipping,no_click
2140,adult,IN,3,free_shipping,click
2141,adult,CA,2,buy1get1,no_click
2142,young,UK,9,discount,no_click
2143,adult,AU,8,discount,click
2144,young,UK,6,free_shipping,no_click
2145,senior,CA,3,buy1get1,click
2146,adult,US,7,free_shipping,no_click
2147,adult,IN,2,free_shipping,no_click
2148,senior,US,4,buy1get1,click
2149,adult,IN,1,buy1get1,click
2150,young,IN,5,free_shipping,click
2151,senior,IN,4,free_shipping,no_click
2152,adult,CA,4,discount,click
2153,senior,CA,0,buy1get1,click
2154,young,CA,2,discount,click
2155,young,US,8,buy1get1,no_click
2156,adult,UK,1,free_shipping,no_click
2157,adult,CA,0,discount,click
2158,adult,AU,7,buy1get1,no_click
2159,adult,IN,7,discount,click
2160,senior,AU,5,discount,click
2161,young,UK,8,discount,no_click
2162,senior,UK,1,discount,click
2163,senior,AU,0,free_shipping,no_click
2164,senior,US,2,free_shipping,no_click
2165,young,AU,6,buy1get1,no_click
2166,adult,US,0,discount,no_click
2167,senior,UK,8,free_shipping,no_click
2168,senior,CA,10,free_shipping,click
2169,young,CA,10,free_shipping,no_click
2170,young,AU,5,buy1get1,no_click
2171,adult,IN,3,buy1get1,no_click
2172,young,AU,6,free_shipping,no_click
2173,young,US,3,free_shipping,no_click
2174,young,IN,8,free_shipping,click
2175,senior,UK,4,free_shipping,no_click
2176,young,US,8,buy1get1,click
2177,senior,IN,0,discount,click
2178,adult,AU,8,discount,no_click
2179,young,UK,0,discount,no_click
2180,senior,AU,5,discount,click
2181,senior,CA,10,discount,no_click
2182,young,UK,6,free_shipping,click
2183,adult,CA,9,free_shipping,no_click
2184,adult,IN,1,free_shipping,click
2185,senior,CA,4,discount,click
2186,senior,US,1,discount,no_click
2187,adult,US,7,free_shipping,click
2188,senior,CA,0,discount,no_click
2189,senior,AU,4,buy1get1,click
2190,adult,CA,7,discount,no_click
2191,adult,IN,5,buy1get1,no_click
2192,young,UK,7,buy1get1,no_click
2193,adult,CA,8,buy1get1,no_click
2194,adult,IN,9,free_shipping,no_click
2195,adult,IN,7,free_shipping,no_click
2196,senior,US,7,free_shipping,no_click
2197,young,US,3,buy1get1,click
2198,senior,IN,5,discount,no_click
2199,young,IN,2,free_shipping,click
2200,senior,US,4,discount,no_click
2201,senior,IN,4,discount,no_click
2202,young,UK,5,discount,no_click
2203,adult,IN,9,free_shipping,no_click
2204,senior,US,3,free_shipping,no_click
2205,senior,CA,9,discount,no_click
2206,adult,US,9,discount,click
2207,adult,IN,1,buy1get1,no_click
2208,senior,US,1,buy1get1,no_click
2209,young,IN,10,buy1get1,no_click
2210,adult,IN,5,free_shipping,no_click
2211,adult,UK,7,discount,click
2212,adult,AU,4,buy1get1,no_click
2213,senior,CA,6,free_shipping,no_click
2214,senior,US,6,discount,click
2215,senior,CA,8,discount,click
2216,young,AU,5,free_shipping,click
2217,senior,IN,8,free_shipping,no_click
2218,adult,IN,4,buy1get1,no_click
2219,adult,AU,8,discount,click
2220,senior,AU,7,buy1get1,no_click
2221,senior,UK,5,buy1get1,click
2222,adult,UK,3,buy1get1,click
2223,senior,IN,10,free_shipping,no_click
2224,adult,UK,3,free_shipping,click
2225,young,US,1,discount,no_click
2226,adult,AU,9,free_shipping,no_click
2227,adult,IN,2,discount,no_click
2228,adult,CA,10,discount,click
2229,young,US,10,buy1get1,click
2230,young,US,5,discount,no_click
2231,senior,IN,1,free_shipping,no_click
2232,adult,US,9,free_shipping,no_click
2233,senior,CA,2,buy1get1,click
2234,adult,IN,8,discount,no_click
2235,senior,CA,9,buy1get1,no_click
2236,senior,CA,2,buy1get1,click
2237,young,UK,5,buy1get1,click
2238,adult,AU,0,free_shipping,no_click
2239,senior,CA,3,free_shipping,click
2240,adult,AU,4,buy1get1,no_click
2241,adult,AU,9,free_shipping,no_click
2242,young,CA,6,buy1get1,no_click
2243,young,UK,5,discount,click
2244,senior,IN,9,discount,no_click
2245,young,IN,9,buy1get1,no_click
2246,senior,AU,4,buy1get1,click
2247,young,CA,5,free_shipping,no_click
2248,young,AU,9,free_shipping,click
2249,senior,AU,2,discount,click
2250,adult,US,5,free_shipping,click
2251,senior,US,3,buy1get1,click
2252,senior,AU,5,buy1get1,click
2253,young,IN,2,buy1get1,click
2254,young,IN,0,free_shipping,click
2255,adult,UK,0,buy1get1,no_click
2256,senior,AU,10,free_shipping,no_click
2257,adult,IN,2,buy1get1,no_click
2258,young,US,7,free_shipping,click
2259,adult,CA,1,buy1get1,no_click
2260,young,UK,7,discount,click
2261,adult,IN,9,discount,no_click
2262,adult,US,3,free_shipping,no_click
2263,young,CA,5,discount,no_click
2264,young,AU,5,free_shipping,click
2265,adult,US,9,buy1get1,no_click
2266,senior,UK,10,buy1get1,click
2267,young,CA,7,free_shipping,no_click
2268,adult,CA,8,discount,click
2269,adult,AU,1,discount,no_click
2270,senior,CA,0,free_shipping,no_click
2271,adult,CA,0,buy1get1,no_click
2272,adult,UK,3,free_shipping,click
2273,senior,IN,7,free_shipping,click
2274,adult,US,0,free_shipping,no_click
2275,adult,UK,7,free_shipping,click
2276,adult,AU,2,buy1get1,no_click
2277,young,UK,4,buy1get1,no_click
2278,senior,AU,7,discount,no_click
2279,senior,CA,9,buy1get1,no_click
2280,adult,AU,0,buy1get1,no_click
2281,adult,AU,2,buy1get1,no_click
2282,senior,IN,2,discount,click
2283,senior,IN,10,free_shipping,no_click
2284,senior,US,5,discount,no_click
2285,young,UK,1,buy1get1,no_click
2286,senior,AU,0,buy1get1,click
2287,young,US,10,discount,no_click
2288,adult,IN,2,free_shipping,no_click
2289,senior,UK,9,discount,no_click
2290,adult,UK,5,discount,no_click
2291,senior,AU,10,discount,no_click
2292,young,US,8,free_shipping,click
2293,adult,US,2,buy1get1,no_click
2294,young,CA,0,free_shipping,no_click
2295,senior,UK,9,buy1get1,click
2296,young,CA,5,free_shipping,click
2297,adult,IN,4,free_shipping,no_click
2298,adult,UK,0,discount,no_click
2299,adult,AU,0,free_shipping,click
2300,senior,AU,9,buy1get1,no_click
2301,young,UK,5,buy1get1,no_click
2302,senior,UK,8,buy1get1,click
2303,adult,AU,8,buy1get1,no_click
2304,adult,IN,8,free_shipping,no_click
2305,adult,IN,4,discount,click
2306,senior,US,2,free_shipping,no_click
2307,young,AU,3,free_shipping,no_click
2308,senior,US,8,free_shipping,click
2309,adult,UK,2,discount,click
2310,adult,CA,2,discount,click
2311,adult,UK,2,buy1get1,no_click
2312,young,CA,9,buy1get1,no_click
2313,senior,IN,4,buy1get1,click
2314,senior,CA,8,discount,no_click
2315,senior,IN,5,buy1get1,click
2316,adult,US,1,free_shipping,no_click
2317,young,UK,0,buy1get1,no_click
2318,senior,UK,6,discount,no_click
2319,adult,CA,3,free_shipping,no_click
2320,senior,CA,10,free_shipping,no_click
2321,young,CA,2,free_shipping,no_click
2322,adult,US,6,buy1get1,click
2323,adult,AU,1,free_shipping,no_click
2324,adult,US,4,discount,click
2325,senior,UK,5,free_shipping,click
2326,adult,US,8,buy1get1,no_click
2327,young,IN,3,discount,no_click
2328,young,UK,10,buy1get1,click
2329,adult,CA,7,free_shipping,no_click
2330,senior,UK,9,free_shipping,no_click
2331,senior,US,7,free_shipping,no_click
2332,young,UK,5,buy1get1,no_click
2333,adult,CA,6,free_shipping,no_click
2334,adult,CA,7,free_shipping,no_click
2335,young,CA,8,buy1get1,no_click
2336,senior,AU,1,buy1get1,click
2337,young,AU,4,free_shipping,no_click
2338,young,US,9,free_shipping,click
2339,senior,AU,10,buy1get1,no_click
2340,young,AU,9,buy1get1,no_click
2341,adult,IN,0,buy1get1,no_click
2342,adult,CA,4,discount,no_click
2343,senior,UK,0,buy1get1,click
2344,adult,CA,10,free_shipping,no_click
2345,adult,IN,4,discount,no_click
2346,young,AU,8,free_shipping,no_click
2347,adult,CA,0,discount,click
2348,senior,UK,5,free_shipping,click
2349,young,US,1,discount,no_click
2350,adult,US,1,discount,no_click
2351,adult,IN,3,buy1get1,click
2352,young,IN,0,discount,no_click
2353,young,UK,6,free_shipping,no_click
2354,senior,UK,4,buy1get1,click
2355,young,UK,10,discount,no_click
2356,young,AU,9,buy1get1,no_click
2357,senior,AU,8,discount,click
2358,adult,US,6,free_shipping,no_click
2359,young,AU,8,discount,no_click
2360,young,CA,8,free_shipping,click
2361,adult,AU,1,discount,click
2362,senior,AU,8,free_shipping,click
2363,senior,US,5,discount,no_click
2364,young,US,6,free_shipping,click
2365,senior,AU,7,discount,no_click
2366,adult,IN,6,free_shipping,no_click
2367,young,AU,8,buy1get1,click
2368,senior,AU,7,buy1get1,click
2369,adult,AU,6,buy1get1,no_click
2370,adult,AU,3,buy1get1,no_click
2371,senior,CA,5,buy1get1,click
2372,senior,AU,0,buy1get1,click
2373,senior,IN,10,free_shipping,click
2374,young,IN,10,buy1get1,click
2375,young,AU,3,free_shipping,click
2376,senior,US,4,buy1get1,click
2377,adult,IN,3,buy1get1,no_click
2378,adult,US,6,discount,click
2379,young,UK,8,free_shipping,click
2380,adult,US,6,free_shipping,no_click
2381,adult,CA,1,free_shipping,no_click
2382,young,US,4,free_shipping,no_click
2383,senior,UK,0,discount,no_click
2384,senior,US,1,free_shipping,click
2385,young,UK,5,discount,no_click
2386,adult,US,1,buy1get1,no_click
2387,adult,US,4,free_shipping,no_click
2388,senior,UK,2,buy1get1,no_click
2389,young,UK,6,discount,no_click
2390,senior,AU,4,free_shipping,no_click
2391,adult,AU,6,buy1get1,no_click
2392,young,UK,0,buy1get1,no_click
2393,adult,US,8,free_shipping,no_click
2394,adult,US,7,free_shipping,no_click
2395,senior,US,7,buy1get1,no_click
2396,young,IN,0,free_shipping,no_click
2397,young,IN,1,free_shipping,click
2398,senior,CA,10,free_shipping,no_click
2399,adult,US,9,buy1get1,click
2400,young,US,2,free_shipping,click
2401,young,CA,4,discount,click
2402,young,CA,2,discount,click
2403,adult,AU,7,discount,click
2404,young,US,7,free_shipping,no_click
2405,young,AU,8,free_shipping,click
2406,young,CA,7,free_shipping,no_click
2407,senior,UK,5,buy1get1,click
2408,young,UK,1,buy1get1,click
2409,young,IN,6,buy1get1,no_click
2410,senior,CA,6,discount,no_click
2411,adult,CA,2,buy1get1,no_click
2412,adult,UK,4,discount,no_click
2413,young,IN,5,discount,no_click
2414,young,IN,9,free_shipping,click
2415,young,US,4,free_shipping,click
2416,adult,US,9,free_shipping,click
2417,young,UK,3,discount,no_click
2418,adult,CA,8,buy1get1,no_click
2419,senior,CA,6,buy1get1,no_click
2420,senior,IN,6,buy1get1,no_click
2421,adult,AU,6,free_shipping,click
2422,young,CA,1,buy1get1,no_click
2423,young,CA,0,buy1get1,no_click
2424,adult,CA,1,free_shipping,no_click
2425,young,UK,10,discount,no_click
2426,adult,CA,4,free_shipping,no_click
2427,young,US,5,buy1get1,no_click
2428,adult,CA,10,discount,click
2429,senior,CA,6,buy1get1,click
2430,young,CA,8,buy1get1,no_click
2431,senior,US,9,buy1get1,no_click
2432,adult,UK,2,discount,no_click
2433,senior,US,5,free_shipping,no_click
2434,senior,US,3,discount,click
2435,senior,US,3,buy1get1,no_click
2436,adult,US,0,free_shipping,no_click
2437,senior,CA,9,buy1get1,click
2438,senior,IN,9,discount,no_click
2439,young,UK,2,buy1get1,no_click
2440,adult,US,1,discount,click
2441,adult,CA,7,free_shipping,no_click
2442,young,UK,7,discount,no_click
2443,senior,AU,1,discount,no_click
2444,young,CA,1,discount,no_click
2445,senior,IN,2,discount,no_click
2446,senior,IN,10,buy1get1,no_click
2447,senior,IN,8,discount,no_click
2448,senior,IN,8,discount,no_click
2449,young,IN,1,buy1get1,no_click
2450,senior,US,4,discount,click
2451,senior,US,4,discount,click
2452,senior,CA,7,free_shipping,no_click
2453,senior,UK,1,free_shipping,no_click
2454,senior,UK,10,discount,click
2455,young,CA,8,discount,no_click
2456,adult,UK,1,buy1get1,no_click
2457,young,UK,7,free_shipping,click
2458,young,IN,7,discount,click
2459,young,UK,7,buy1get1,no_click
2460,adult,CA,7,buy1get1,no_click
2461,adult,US,6,discount,click
2462,adult,IN,4,discount,no_click
2463,senior,IN,4,free_shipping,no_click
2464,adult,US,4,buy1get1,no_click
2465,senior,US,8,discount,no_click
2466,adult,US,6,buy1get1,no_click
2467,young,AU,3,buy1get1,click
2468,senior,UK,8,free_shipping,no_click
2469,young,US,8,buy1get1,click
2470,adult,UK,0,free_shipping,no_click
2471,adult,IN,7,free_shipping,no_click
2472,young,CA,0,buy1get1,no_click
2473,senior,UK,10,buy1get1,click
2474,young,CA,9,discount,click
2475,senior,IN,0,buy1get1,click
2476,young,US,7,buy1get1,no_click
2477,senior,CA,5,free_shipping,no_click
2478,adult,UK,2,buy1get1,no_click
2479,adult,US,4,free_shipping,no_click
2480,young,IN,0,free_shipping,no_click
2481,adult,IN,4,free_shipping,no_click
2482,adult,IN,5,free_shipping,no_click
2483,adult,IN,7,discount,no_click
2484,senior,IN,3,buy1get1,no_click
2485,young,CA,6,discount,no_click
2486,adult,CA,8,free_shipping,no_click
2487,young,CA,6,free_shipping,click
2488,senior,CA,0,discount,no_click
2489,adult,US,6,discount,click
2490,senior,US,2,discount,click
2491,adult,CA,0,buy1get1,no_click
2492,senior,IN,10,buy1get1,click
2493,young,IN,4,free_shipping,no_click
2494,adult,AU,7,discount,no_click
2495,adult,IN,6,discount,click
2496,young,UK,8,discount,no_click
2497,adult,AU,10,discount,no_click
2498,senior,UK,6,discount,no_click
2499,senior,CA,9,buy1get1,no_click
2500,young,AU,10,buy1get1,no_click
2501,adult,UK,1,buy1get1,no_click
2502,adult,AU,4,discount,click
2503,young,AU,2,free_shipping,no_click
2504,senior,AU,10,free_shipping,no_click
2505,young,CA,7,discount,no_click
2506,adult,US,0,discount,no_click
2507,senior,UK,10,free_shipping,click
2508,young,IN,8,discount,no_click
2509,senior,AU,1,free_shipping,click
2510,senior,US,9,discount,no_click
2511,senior,IN,2,buy1get1,no_click
2512,senior,AU,6,free_shipping,no_click
2513,senior,UK,5,discount,no_click
2514,young,CA,6,discount,no_click
2515,young,US,9,free_shipping,click
2516,senior,US,2,discount,no_click
2517,senior,US,3,buy1get1,click
2518,senior,CA,8,discount,click
2519,adult,IN,8,free_shipping,no_click
2520,adult,IN,6,discount,click
2521,senior,UK,7,free_shipping,no_click
2522,adult,AU,1,discount,no_click
2523,young,UK,10,discount,click
2524,senior,CA,2,buy1get1,no_click
2525,young,IN,0,discount,click
2526,senior,US,5,buy1get1,no_click
2527,adult,US,5,buy1get1,no_click
2528,young,AU,8,buy1get1,no_click
2529,young,CA,8,free_shipping,no_click
2530,young,US,6,buy1get1,no_click
2531,adult,IN,10,free_shipping,no_click
2532,adult,CA,5,free_shipping,no_click
2533,senior,CA,8,free_shipping,no_click
2534,senior,CA,3,discount,no_click
2535,adult,UK,4,discount,click
2536,senior,AU,1,buy1get1,click
2537,adult,IN,6,buy1get1,no_click
2538,young,US,10,free_shipping,no_click
2539,young,CA,8,buy1get1,no_click
2540,adult,CA,5,discount,no_click
2541,young,US,0,discount,no_click
2542,adult,IN,10,free_shipping,no_click
2543,senior,CA,10,buy1get1,click
2544,senior,US,2,free_shipping,click
2545,young,CA,0,discount,click
2546,young,CA,1,buy1get1,no_click
2547,young,IN,10,free_shipping,no_click
2548,adult,AU,3,free_shipping,click
2549,senior,UK,4,buy1get1,no_click
2550,adult,UK,6,buy1get1,no_click
2551,adult,AU,8,discount,no_click
2552,young,UK,6,free_shipping,click
2553,adult,AU,7,buy1get1,no_click
2554,adult,US,5,discount,no_click
2555,senior,IN,3,buy1get1,no_click
2556,senior,UK,4,discount,no_click
2557,senior,CA,7,discount,no_click
2558,adult,US,9,free_shipping,no_click
2559,adult,US,2,discount,no_click
2560,adult,CA,1,discount,click
2561,adult,UK,0,buy1get1,click
2562,young,IN,7,free_shipping,click
2563,young,IN,10,discount,no_click
2564,young,UK,2,free_shipping,click
2565,adult,IN,5,free_shipping,no_click
2566,young,US,6,buy1get1,no_click
2567,young,US,2,free_shipping,no_click
2568,adult,US,10,free_shipping,no_click
2569,senior,UK,10,free_shipping,no_click
2570,adult,UK,3,buy1get1,click
2571,senior,AU,7,free_shipping,no_click
2572,young,AU,0,buy1get1,no_click
2573,young,US,9,free_shipping,click
2574,senior,IN,6,buy1get1,no_click
2575,young,CA,8,free_shipping,no_click
2576,young,CA,10,discount,no_click
2577,senior,UK,3,free_shipping,no_click
2578,adult,US,10,buy1get1,click
2579,adult,AU,5,buy1get1,no_click
2580,senior,AU,0,buy1get1,no_click
2581,senior,US,2,buy1get1,no_click
2582,senior,US,3,discount,no_click
2583,adult,CA,2,buy1get1,click
2584,adult,UK,7,buy1get1,click
2585,adult,IN,5,discount,click
2586,senior,IN,10,buy1get1,click
2587,young,US,6,buy1get1,no_click
2588,senior,CA,3,discount,no_click
2589,senior,US,3,discount,click
2590,adult,IN,9,discount,no_click
2591,adult,CA,5,buy1get1,click
2592,senior,UK,0,discount,no_click
2593,adult,IN,8,free_shipping,no_click
2594,young,IN,5,buy1get1,no_click
2595,adult,UK,3,buy1get1,no_click
2596,adult,CA,6,buy1get1,no_click
2597,adult,UK,0,buy1get1,no_click
2598,senior,UK,5,discount,no_click
2599,senior,IN,9,discount,no_click
2600,young,UK,3,discount,no_click
2601,young,UK,8,free_shipping,no_click
2602,young,CA,8,discount,no_click
2603,young,CA,8,buy1get1,no_click
2604,senior,CA,9,buy1get1,click
2605,young,CA,6,discount,no_click
2606,senior,IN,7,buy1get1,click
2607,adult,CA,0,discount,click
2608,young,AU,5,buy1get1,no_click
2609,senior,US,5,buy1get1,click
2610,adult,UK,5,buy1get1,no_click
2611,adult,CA,0,buy1get1,no_click
2612,young,UK,2,free_shipping,click
2613,adult,IN,4,buy1get1,no_click
2614,senior,CA,1,free_shipping,no_click
2615,senior,UK,5,buy1get1,click
2616,adult,UK,7,free_shipping,no_click
2617,young,CA,3,buy1get1,click
2618,senior,US,7,buy1get1,click
2619,adult,UK,6,discount,no_click
2620,adult,US,6,discount,click
2621,young,AU,10,buy1get1,no_click
2622,adult,US,3,discount,no_click
2623,senior,UK,3,free_shipping,no_click
2624,senior,IN,9,buy1get1,no_click
2625,adult,AU,3,discount,no_click
2626,adult,CA,3,free_shipping,no_click
2627,young,US,10,buy1get1,no_click
2628,senior,UK,7,free_shipping,click
2629,senior,UK,5,free_shipping,no_click
2630,young,UK,1,free_shipping,click
2631,young,CA,7,buy1get1,click
2632,young,UK,0,buy1get1,no_click
2633,young,CA,3,buy1get1,no_click
2634,adult,CA,9,buy1get1,click
2635,adult,UK,4,discount,no_click
2636,adult,AU,5,discount,no_click
2637,senior,UK,4,discount,no_click
2638,adult,US,3,free_shipping,no_click
2639,young,UK,8,free_shipping,no_click
2640,senior,UK,5,buy1get1,no_click
2641,young,UK,0,discount,no_click
2642,adult,AU,3,buy1get1,click
2643,young,AU,2,free_shipping,click
2644,adult,CA,7,free_shipping,no_click
2645,senior,CA,7,discount,click
2646,adult,US,9,buy1get1,click
2647,young,CA,0,free_shipping,no_click
2648,senior,UK,5,free_shipping,no_click
2649,adult,AU,8,free_shipping,no_click
2650,senior,IN,8,free_shipping,no_click
2651,young,US,6,discount,click
2652,young,US,3,free_shipping,no_click
2653,senior,UK,8,buy1get1,no_click
2654,adult,IN,9,buy1get1,click
2655,young,CA,4,buy1get1,no_click
2656,adult,AU,6,discount,click
2657,senior,AU,2,discount,no_click
2658,senior,US,8,buy1get1,no_click
2659,adult,AU,10,discount,click
2660,senior,IN,2,free_shipping,no_click
2661,senior,AU,2,discount,click
2662,senior,US,6,buy1get1,no_click
2663,adult,AU,9,discount,click
2664,young,CA,6,free_shipping,click
2665,young,CA,8,buy1get1,click
2666,adult,UK,4,free_shipping,no_click
2667,senior,CA,1,free_shipping,no_click
2668,adult,US,6,discount,click
2669,adult,US,5,buy1get1,click
2670,young,CA,5,discount,no_click
2671,senior,CA,2,discount,no_click
2672,young,CA,0,free_shipping,no_click
2673,adult,IN,8,buy1get1,no_click
2674,adult,CA,2,buy1get1,no_click
2675,senior,US,7,buy1get1,no_click
2676,young,UK,7,buy1get1,no_click
2677,young,US,1,buy1get1,no_click
2678,senior,CA,2,free_shipping,no_click
2679,senior,IN,9,discount,no_click
2680,senior,CA,6,buy1get1,click
2681,young,AU,2,free_shipping,no_click
2682,young,CA,0,buy1get1,no_click
2683,adult,CA,9,discount,click
2684,young,UK,3,discount,no_click
2685,senior,US,9,discount,no_click
2686,young,UK,5,buy1get1,no_click
2687,young,US,10,buy1get1,click
2688,senior,AU,8,discount,no_click
2689,young,IN,5,buy1get1,no_click
2690,senior,UK,7,buy1get1,no_click
2691,young,US,2,buy1get1,click
2692,young,IN,6,buy1get1,no_click
2693,young,UK,8,discount,no_click
2694,adult,AU,9,free_shipping,click
2695,adult,UK,7,free_shipping,no_click
2696,senior,CA,1,buy1get1,click
2697,adult,AU,1,buy1get1,no_click
2698,adult,CA,0,free_shipping,no_click
2699,young,CA,8,buy1get1,no_click
2700,young,UK,6,buy1get1,no_click
2701,adult,US,1,free_shipping,no_click
2702,adult,UK,9,discount,click
2703,senior,IN,2,buy1get1,no_click
2704,young,UK,1,discount,no_click
2705,young,CA,5,discount,no_click
2706,senior,UK,8,discount,no_click
2707,senior,UK,5,buy1get1,click
2708,young,AU,10,discount,no_click
2709,senior,CA,2,discount,click
2710,adult,UK,3,discount,click
2711,adult,UK,9,free_shipping,click
2712,adult,CA,9,discount,click
2713,adult,AU,5,free_shipping,no_click
2714,adult,CA,0,discount,no_click
2715,young,IN,8,buy1get1,no_click
2716,senior,CA,3,free_shipping,no_click
2717,adult,CA,4,discount,no_click
2718,young,IN,10,discount,no_click
2719,senior,CA,6,free_shipping,click
2720,young,IN,1,free_shipping,click
2721,young,UK,5,free_shipping,click
2722,adult,IN,1,free_shipping,click
2723,senior,CA,7,free_shipping,no_click
2724,adult,US,7,discount,click
2725,senior,CA,1,free_shipping,no_click
2726,senior,US,4,buy1get1,click
2727,young,US,8,free_shipping,click
2728,adult,IN,3,discount,no_click
2729,young,UK,2,free_shipping,click
2730,senior,UK,3,free_shipping,click
2731,young,UK,1,free_shipping,no_click
2732,young,US,0,discount,no_click
2733,young,UK,2,discount,no_click
2734,senior,UK,7,discount,no_click
2735,senior,AU,6,discount,no_click
2736,young,US,10,buy1get1,no_click
2737,senior,IN,0,discount,no_click
2738,young,IN,1,discount,no_click
2739,senior,AU,0,buy1get1,no_click
2740,young,CA,3,free_shipping,no_click
2741,senior,AU,6,buy1get1,click
2742,adult,IN,4,discount,click
2743,adult,IN,10,discount,no_click
2744,senior,US,10,free_shipping,no_click
2745,young,AU,0,free_shipping,no_click
2746,adult,CA,6,free_shipping,no_click
2747,senior,IN,4,discount,no_click
2748,young,CA,6,buy1get1,click
2749,adult,CA,7,free_shipping,no_click
2750,senior,UK,8,buy1get1,no_click
2751,young,AU,9,discount,click
2752,adult,AU,6,free_shipping,click
2753,adult,US,0,free_shipping,click
2754,young,US,8,free_shipping,click
2755,senior,UK,10,free_shipping,click
2756,young,UK,2,buy1get1,no_click
2757,young,UK,10,buy1get1,no_click
2758,senior,CA,10,discount,no_click
2759,adult,CA,10,buy1get1,click
2760,senior,IN,1,buy1get1,no_click
2761,adult,US,9,discount,click
2762,adult,AU,4,buy1get1,no_click
2763,senior,CA,4,free_shipping,no_click
2764,adult,CA,1,free_shipping,click
2765,young,UK,7,buy1get1,no_click
2766,senior,UK,2,discount,no_click
2767,senior,AU,4,free_shipping,no_click
2768,adult,US,5,free_shipping,no_click
2769,adult,US,6,free_shipping,no_click
2770,adult,AU,9,buy1get1,no_click
2771,young,AU,9,free_shipping,click
2772,senior,IN,6,free_shipping,no_click
2773,senior,US,3,discount,no_click
2774,young,CA,6,free_shipping,click
2775,adult,CA,6,buy1get1,no_click
2776,adult,IN,5,free_shipping,click
2777,adult,UK,2,discount,click
2778,senior,AU,1,free_shipping,no_click
2779,adult,AU,4,discount,click
2780,senior,UK,10,buy1get1,click
2781,adult,IN,3,buy1get1,no_click
2782,adult,CA,4,discount,no_click
2783,adult,CA,6,buy1get1,no_click
2784,adult,UK,1,discount,no_click
2785,senior,AU,9,free_shipping,no_click
2786,young,US,0,buy1get1,click
2787,adult,AU,8,discount,click
2788,young,US,6,discount,no_click
2789,young,IN,6,buy1get1,no_click
2790,adult,US,0,buy1get1,no_click
2791,young,CA,7,buy1get1,click
2792,young,CA,6,buy1get1,no_click
2793,young,US,3,buy1get1,no_click
2794,senior,US,8,buy1get1,click
2795,senior,IN,5,buy1get1,click
2796,young,CA,10,free_shipping,click
2797,adult,AU,0,free_shipping,no_click
2798,adult,AU,3,discount,no_click
2799,young,UK,6,buy1get1,no_click
2800,adult,UK,5,discount,click
2801,young,AU,3,buy1get1,click
2802,senior,AU,0,discount,click
2803,senior,IN,3,buy1get1,click
2804,senior,US,6,discount,click
2805,adult,CA,1,buy1get1,no_click
2806,senior,CA,7,discount,no_click
2807,adult,IN,9,free_shipping,no_click
2808,adult,US,5,discount,no_click
2809,young,UK,3,free_shipping,no_click
2810,young,CA,5,discount,no_click
2811,adult,UK,7,discount,click
2812,senior,US,0,buy1get1,no_click
2813,senior,AU,0,buy1get1,no_click
2814,senior,AU,8,free_shipping,no_click
2815,young,UK,1,discount,no_click
2816,senior,US,3,free_shipping,no_click
2817,adult,AU,5,free_shipping,no_click
2818,senior,US,4,discount,no_click
2819,adult,IN,8,free_shipping,no_click
2820,senior,CA,8,buy1get1,click
2821,adult,IN,10,free_shipping,no_click
2822,senior,US,7,buy1get1,click
2823,young,US,4,buy1get1,no_click
2824,senior,US,7,free_shipping,no_click
2825,young,CA,5,discount,click
2826,young,CA,2,buy1get1,no_click
2827,young,CA,5,free_shipping,click
2828,young,UK,1,free_shipping,no_click
2829,adult,CA,7,buy1get1,no_click
2830,adult,UK,4,free_shipping,click
2831,young,AU,8,free_shipping,click
2832,senior,UK,5,free_shipping,no_click
2833,adult,UK,2,discount,no_click
2834,senior,UK,8,discount,no_click
2835,adult,CA,8,buy1get1,no_click
2836,senior,IN,9,buy1get1,click
2837,senior,AU,7,discount,no_click
2838,senior,IN,2,discount,no_click
2839,adult,US,9,discount,click
2840,young,CA,6,buy1get1,no_click
2841,young,CA,3,discount,no_click
2842,senior,US,1,discount,no_click
2843,senior,AU,8,discount,no_click
2844,senior,AU,3,buy1get1,click
2845,senior,CA,3,discount,click
2846,young,CA,0,free_shipping,click
2847,adult,CA,9,discount,no_click
2848,senior,US,1,discount,no_click
2849,young,US,0,buy1get1,no_click
2850,young,CA,3,free_shipping,click
2851,senior,AU,8,free_shipping,no_click
2852,adult,CA,8,discount,click
2853,senior,UK,1,buy1get1,no_click
2854,senior,AU,4,buy1get1,no_click
2855,young,IN,9,buy1get1,no_click
2856,young,AU,2,discount,no_click
2857,young,CA,6,free_shipping,no_click
2858,adult,CA,9,buy1get1,no_click
2859,adult,IN,5,buy1get1,no_click
2860,senior,UK,6,free_shipping,no_click
2861,young,US,4,free_shipping,click
2862,senior,US,4,free_shipping,no_click
2863,adult,AU,1,buy1get1,no_click
2864,adult,UK,2,discount,click
2865,senior,UK,5,discount,no_click
2866,adult,IN,4,discount,no_click
2867,young,IN,4,discount,no_click
2868,young,CA,6,free_shipping,no_click
2869,adult,IN,7,discount,click
2870,senior,CA,0,discount,no_click
2871,senior,UK,1,buy1get1,no_click
2872,adult,US,9,buy1get1,no_click
2873,adult,US,9,discount,no_click
2874,young,AU,0,discount,no_click
2875,adult,UK,9,free_shipping,no_click
2876,adult,UK,2,buy1get1,no_click
2877,young,US,10,discount,no_click
2878,senior,US,10,buy1get1,no_click
2879,young,US,3,discount,no_click
2880,young,UK,4,buy1get1,no_click
2881,adult,UK,4,buy1get1,no_click
2882,adult,UK,4,discount,click
2883,adult,IN,0,buy1get1,no_click
2884,senior,UK,4,discount,no_click
2885,senior,US,10,discount,no_click
2886,young,AU,4,buy1get1,click
2887,young,US,10,buy1get1,no_click
2888,young,UK,5,discount,no_click
2889,young,AU,7,free_shipping,click
2890,senior,AU,8,free_shipping,no_click
2891,adult,US,0,buy1get1,no_click
2892,senior,UK,10,buy1get1,click
2893,young,IN,8,discount,no_click
2894,senior,UK,5,buy1get1,click
2895,young,IN,6,buy1get1,no_click
2896,senior,IN,7,buy1get1,click
2897,adult,IN,4,discount,click
2898,senior,US,10,free_shipping,no_click
2899,adult,AU,3,discount,click
2900,young,AU,10,buy1get1,no_click
2901,young,US,6,discount,no_click
2902,senior,IN,6,buy1get1,no_click
2903,young,AU,0,buy1get1,no_click
2904,young,IN,4,buy1get1,no_click
2905,young,UK,3,buy1get1,no_click
2906,senior,AU,4,discount,click
2907,young,UK,6,free_shipping,click
2908,adult,US,7,buy1get1,no_click
2909,young,US,10,discount,no_click
2910,senior,CA,4,buy1get1,no_click
2911,senior,US,9,discount,no_click
2912,young,US,7,free_shipping,no_click
2913,senior,AU,2,buy1get1,click
2914,senior,UK,8,buy1get1,no_click
2915,senior,US,3,free_shipping,no_click
2916,young,CA,0,buy1get1,no_click
2917,senior,IN,1,buy1get1,click
2918,senior,US,2,buy1get1,click
2919,adult,CA,0,discount,click
2920,adult,AU,2,discount,no_click
2921,senior,CA,8,free_shipping,no_click
2922,senior,IN,10,discount,no_click
2923,senior,UK,8,buy1get1,no_click
2924,senior,IN,7,buy1get1,click
2925,adult,US,3,buy1get1,no_click
2926,adult,CA,9,discount,click
2927,adult,UK,5,buy1get1,click
2928,adult,US,9,discount,click
2929,adult,IN,4,buy1get1,no_click
2930,adult,AU,0,discount,click
2931,senior,AU,5,discount,no_click
2932,adult,US,5,discount,no_click
2933,senior,IN,6,buy1get1,click
2934,senior,IN,7,discount,no_click
2935,adult,CA,7,buy1get1,click
2936,senior,UK,8,discount,no_click
2937,adult,IN,6,free_shipping,click
2938,adult,IN,4,buy1get1,no_click
2939,senior,CA,10,discount,no_click
2940,senior,AU,0,buy1get1,click
2941,adult,UK,6,free_shipping,click
2942,young,UK,8,buy1get1,no_click
2943,adult,CA,2,buy1get1,no_click
2944,adult,IN,6,discount,click
2945,adult,CA,6,discount,click
2946,adult,IN,9,discount,click
2947,young,UK,2,free_shipping,no_click
2948,young,US,10,buy1get1,no_click
2949,senior,CA,1,free_shipping,no_click
2950,young,UK,3,discount,no_click
2951,young,UK,3,discount,click
2952,adult,CA,7,discount,click
2953,adult,IN,10,discount,no_click
2954,senior,IN,4,discount,no_click
2955,adult,AU,6,discount,no_click
2956,young,UK,9,free_shipping,click
2957,young,IN,1,buy1get1,no_click
2958,adult,CA,9,free_shipping,no_click
2959,adult,AU,3,free_shipping,no_click
2960,senior,UK,5,free_shipping,no_click
2961,adult,US,1,buy1get1,no_click
2962,young,CA,2,buy1get1,no_click
2963,senior,IN,0,buy1get1,no_click
2964,adult,AU,0,free_shipping,no_click
2965,young,AU,4,buy1get1,click
2966,young,UK,6,buy1get1,no_click
2967,young,IN,7,free_shipping,click
2968,young,AU,3,discount,no_click
2969,adult,CA,10,free_shipping,no_click
2970,senior,CA,1,discount,no_click
2971,young,IN,5,discount,no_click
2972,senior,US,10,discount,no_click
2973,young,AU,2,discount,no_click
2974,young,CA,8,discount,no_click
2975,young,UK,8,free_shipping,no_click
2976,young,IN,2,discount,no_click
2977,senior,CA,4,free_shipping,no_click
2978,adult,IN,9,discount,no_click
2979,adult,CA,5,free_shipping,no_click
2980,adult,AU,1,discount,no_click
2981,young,US,0,buy1get1,no_click
2982,young,CA,3,discount,no_click
2983,young,US,3,free_shipping,click
2984,adult,IN,4,buy1get1,no_click
2985,adult,IN,4,discount,click
2986,young,AU,1,buy1get1,no_click
2987,senior,AU,4,free_shipping,click
2988,adult,US,5,buy1get1,no_click
2989,young,US,9,free_shipping,no_click
2990,senior,AU,3,buy1get1,click
2991,senior,IN,1,discount,no_click
2992,young,CA,0,discount,no_click
2993,senior,CA,9,free_shipping,click
2994,young,CA,0,free_shipping,click
2995,young,UK,5,buy1get1,no_click
2996,senior,CA,0,buy1get1,click
2997,senior,AU,0,buy1get1,click
2998,senior,UK,7,buy1get1,no_click
2999,adult,US,2,discount,no_click
3000,adult,AU,7,discount,click
3001,young,UK,6,discount,no_click
3002,adult,UK,5,discount,click
3003,adult,AU,7,buy1get1,no_click
3004,senior,AU,9,free_shipping,click
3005,young,UK,2,discount,no_click
3006,senior,AU,10,discount,click
3007,young,US,8,free_shipping,click
3008,young,US,10,discount,no_click
3009,senior,UK,9,free_shipping,no_click
3010,adult,US,9,free_shipping,click
3011,adult,UK,8,discount,no_click
3012,adult,US,8,buy1get1,no_click
3013,adult,UK,7,buy1get1,no_click
3014,adult,AU,7,free_shipping,no_click
3015,adult,IN,3,buy1get1,no_click
3016,senior,US,1,free_shipping,no_click
3017,senior,US,1,buy1get1,click
3018,young,CA,4,free_shipping,no_click
3019,young,UK,3,discount,click
3020,senior,AU,6,buy1get1,no_click
3021,young,US,10,buy1get1,no_click
3022,young,UK,8,buy1get1,no_click
3023,young,US,0,buy1get1,no_click
3024,senior,IN,9,free_shipping,no_click
3025,senior,CA,9,buy1get1,no_click
3026,young,CA,2,buy1get1,no_click
3027,young,IN,10,discount,no_click
3028,senior,CA,3,free_shipping,no_click
3029,senior,US,4,buy1get1,click
3030,senior,UK,2,buy1get1,no_click
3031,adult,UK,1,discount,click
3032,young,US,6,buy1get1,no_click
3033,senior,IN,1,buy1get1,click
3034,senior,IN,6,free_shipping,no_click
3035,senior,AU,1,discount,no_click
3036,adult,US,10,free_shipping,no_click
3037,adult,CA,3,discount,click
3038,senior,UK,2,buy1get1,click
3039,adult,IN,9,discount,no_click
3040,adult,US,3,free_shipping,no_click
3041,adult,AU,7,free_shipping,no_click
3042,young,AU,7,free_shipping,click
3043,young,AU,10,buy1get1,no_click
3044,young,IN,2,buy1get1,no_click
3045,young,UK,3,free_shipping,click
3046,young,CA,7,free_shipping,no_click
3047,young,US,8,discount,no_click
3048,young,UK,0,buy1get1,click
3049,adult,AU,2,free_shipping,no_click
3050,senior,IN,5,buy1get1,click
3051,young,UK,7,free_shipping,no_click
3052,adult,US,5,buy1get1,no_click
3053,adult,US,7,discount,click
3054,young,UK,4,buy1get1,no_click
3055,adult,CA,9,discount,click
3056,young,IN,5,free_shipping,no_click
3057,adult,UK,3,buy1get1,click
3058,adult,US,0,buy1get1,no_click
3059,young,CA,6,discount,no_click
3060,adult,IN,6,discount,click
3061,adult,UK,1,free_shipping,no_click
3062,senior,IN,0,discount,no_click
3063,young,UK,1,buy1get1,click
3064,young,AU,10,buy1get1,no_click
3065,young,AU,10,buy1get1,no_click
3066,young,CA,6,free_shipping,click
3067,adult,UK,4,discount,no_click
3068,young,CA,4,free_shipping,no_click
3069,adult,UK,6,buy1get1,no_click
3070,adult,UK,10,discount,no_click
3071,adult,CA,4,buy1get1,no_click
3072,young,US,1,free_shipping,click
3073,young,CA,1,buy1get1,click
3074,adult,UK,7,free_shipping,no_click
3075,senior,AU,5,buy1get1,click
3076,young,CA,3,buy1get1,no_click
3077,senior,US,9,buy1get1,click
3078,senior,CA,5,free_shipping,no_click
3079,young,AU,5,free_shipping,click
3080,adult,US,10,discount,no_click
3081,adult,AU,3,buy1get1,no_click
3082,adult,CA,7,free_shipping,no_click
3083,senior,IN,8,free_shipping,click
3084,young,UK,10,buy1get1,no_click
3085,young,IN,8,discount,no_click
3086,senior,US,9,discount,no_click
3087,adult,IN,1,free_shipping,no_click
3088,young,CA,8,discount,no_click
3089,senior,UK,7,buy1get1,no_click
3090,young,AU,2,discount,no_click
3091,young,CA,0,discount,no_click
3092,young,CA,9,buy1get1,no_click
3093,adult,CA,7,free_shipping,no_click
3094,senior,UK,9,free_shipping,click
3095,senior,UK,0,free_shipping,click
3096,young,CA,4,buy1get1,no_click
3097,senior,CA,1,buy1get1,no_click
3098,adult,AU,10,buy1get1,no_click
3099,adult,UK,1,discount,click
3100,young,IN,3,discount,click
3101,adult,CA,10,buy1get1,click
3102,young,AU,8,discount,no_click
3103,young,AU,2,discount,click
3104,young,UK,3,buy1get1,no_click
3105,senior,US,8,free_shipping,no_click
3106,young,IN,0,discount,no_click
3107,senior,AU,8,free_shipping,no_click
3108,senior,IN,9,discount,no_click
3109,adult,CA,7,discount,no_click
3110,senior,US,9,free_shipping,no_click
3111,adult,UK,8,buy1get1,click
3112,senior,IN,4,discount,no_click
3113,young,AU,9,discount,no_click
3114,senior,AU,9,discount,no_click
3115,young,CA,8,discount,no_click
3116,senior,CA,8,free_shipping,no_click
3117,young,US,3,buy1get1,click
3118,adult,AU,10,free_shipping,no_click
3119,young,US,4,free_shipping,no_click
3120,young,US,10,buy1get1,no_click
3121,adult,IN,1,buy1get1,click
3122,adult,US,9,buy1get1,no_click
3123,adult,CA,9,buy1get1,click
3124,adult,IN,9,free_shipping,no_click
3125,young,US,1,buy1get1,no_click
3126,senior,AU,0,discount,no_click
3127,adult,IN,6,discount,no_click
3128,senior,CA,6,discount,no_click
3129,senior,UK,6,buy1get1,no_click
3130,adult,CA,10,discount,no_click
3131,young,US,8,discount,no_click
3132,adult,US,6,buy1get1,click
3133,senior,IN,6,free_shipping,no_click
3134,senior,UK,0,free_shipping,click
3135,senior,IN,2,discount,click
3136,adult,UK,5,discount,click
3137,adult,CA,5,buy1get1,no_click
3138,senior,UK,8,discount,no_click
3139,adult,CA,10,discount,click
3140,adult,UK,8,free_shipping,no_click
3141,senior,UK,2,discount,no_click
3142,young,UK,6,discount,no_click
3143,senior,AU,9,buy1get1,click
3144,senior,CA,3,buy1get1,click
3145,adult,CA,8,discount,no_click
3146,young,UK,2,buy1get1,no_click
3147,senior,IN,7,buy1get1,no_click
3148,senior,AU,6,discount,click
3149,young,US,7,free_shipping,no_click
3150,senior,CA,7,free_shipping,click
3151,adult,AU,6,free_shipping,no_click
3152,senior,AU,2,free_shipping,click
3153,senior,US,2,discount,no_click
3154,senior,AU,6,buy1get1,no_click
3155,young,CA,3,discount,click
3156,young,US,10,discount,no_click
3157,adult,UK,3,discount,click
3158,senior,AU,6,free_shipping,no_click
3159,senior,CA,7,discount,no_click
3160,young,UK,2,free_shipping,no_click
3161,young,UK,5,buy1get1,no_click
3162,young,AU,10,discount,no_click
3163,senior,CA,2,discount,no_click
3164,young,AU,3,buy1get1,no_click
3165,senior,IN,0,discount,no_click
3166,adult,AU,4,free_shipping,no_click
3167,senior,UK,3,discount,no_click
3168,senior,AU,4,free_shipping,no_click
3169,adult,US,2,discount,click
3170,adult,UK,0,discount,click
3171,adult,US,3,buy1get1,click
3172,adult,US,2,free_shipping,no_click
3173,young,IN,10,discount,click
3174,young,US,7,discount,click
3175,adult,UK,5,free_shipping,no_click
3176,young,CA,6,discount,click
3177,young,UK,1,free_shipping,click
3178,adult,CA,0,discount,click
3179,adult,UK,3,discount,click
3180,adult,CA,5,free_shipping,click
3181,young,US,8,free_shipping,click
3182,senior,AU,2,discount,no_click
3183,senior,UK,5,discount,no_click
3184,adult,CA,4,buy1get1,no_click
3185,senior,AU,1,discount,no_click
3186,adult,IN,0,discount,no_click
3187,young,AU,10,free_shipping,no_click
3188,young,CA,1,discount,no_click
3189,young,CA,6,buy1get1,no_click
3190,senior,IN,5,buy1get1,click
3191,young,US,5,discount,no_click
3192,adult,AU,1,buy1get1,no_click
3193,young,US,3,free_shipping,click
3194,young,AU,1,buy1get1,no_click
3195,adult,US,0,discount,no_click
3196,senior,IN,10,buy1get1,no_click
3197,senior,UK,4,discount,no_click
3198,adult,AU,6,discount,click
3199,senior,US,6,buy1get1,no_click
3200,young,UK,10,free_shipping,click
3201,young,CA,1,discount,no_click
3202,young,UK,5,discount,no_click
3203,young,CA,1,buy1get1,no_click
3204,young,AU,3,buy1get1,click
3205,young,US,6,buy1get1,no_click
3206,senior,UK,0,buy1get1,click
3207,senior,IN,10,free_shipping,no_click
3208,senior,UK,1,free_shipping,no_click
3209,young,CA,10,discount,no_click
3210,adult,US,0,discount,click
3211,adult,CA,9,discount,no_click
3212,adult,IN,2,free_shipping,no_click
3213,young,AU,1,discount,no_click
3214,senior,UK,6,free_shipping,no_click
3215,adult,CA,7,free_shipping,click
3216,adult,CA,7,buy1get1,no_click
3217,adult,UK,3,discount,no_click
3218,adult,IN,0,buy1get1,no_click
3219,adult,CA,1,free_shipping,no_click
3220,adult,UK,4,discount,click
3221,senior,IN,4,discount,click
3222,senior,IN,7,buy1get1,click
3223,adult,UK,3,free_shipping,no_click
3224,adult,US,4,buy1get1,no_click
3225,young,AU,7,discount,no_click
3226,adult,UK,0,discount,no_click
3227,young,UK,9,buy1get1,no_click
3228,adult,US,7,free_shipping,no_click
3229,young,IN,3,discount,no_click
3230,young,AU,5,buy1get1,click
3231,young,CA,6,free_shipping,no_click
3232,adult,AU,4,buy1get1,click
3233,senior,IN,6,discount,no_click
3234,adult,CA,9,free_shipping,no_click
3235,young,US,0,buy1get1,click
3236,young,CA,10,free_shipping,click
3237,adult,CA,8,discount,click
3238,young,UK,5,discount,no_click
3239,adult,UK,6,discount,click
3240,young,US,2,discount,click
3241,adult,AU,2,buy1get1,no_click
3242,adult,IN,2,discount,click
3243,young,CA,2,discount,no_click
3244,senior,UK,8,discount,click
3245,senior,AU,6,buy1get1,no_click
3246,senior,US,5,buy1get1,click
3247,young,IN,9,discount,click
3248,adult,UK,1,buy1get1,no_click
3249,senior,UK,2,buy1get1,click
3250,senior,IN,0,buy1get1,click
3251,young,CA,2,free_shipping,no_click
3252,young,US,2,discount,click
3253,young,AU,0,buy1get1,no_click
3254,young,US,6,buy1get1,no_click
3255,young,IN,0,discount,no_click
3256,adult,IN,7,discount,no_click
3257,young,UK,9,discount,no_click
3258,adult,CA,2,free_shipping,no_click
3259,adult,UK,9,buy1get1,click
3260,senior,AU,7,buy1get1,click
3261,senior,CA,1,discount,click
3262,young,AU,2,discount,click
3263,young,AU,8,discount,no_click
3264,senior,CA,10,buy1get1,click
3265,senior,US,1,buy1get1,click
3266,senior,UK,10,free_shipping,no_click
3267,senior,IN,9,discount,no_click
3268,adult,IN,3,discount,click
3269,adult,UK,9,discount,no_click
3270,young,US,9,free_shipping,no_click
3271,senior,AU,4,discount,no_click
3272,young,UK,7,buy1get1,no_click
3273,adult,IN,6,discount,no_click
3274,young,IN,1,free_shipping,no_click
3275,adult,IN,1,buy1get1,no_click
3276,senior,AU,9,discount,no_click
3277,senior,AU,5,buy1get1,click
3278,adult,UK,5,discount,click
3279,young,US,7,buy1get1,click
3280,adult,CA,3,buy1get1,no_click
3281,young,US,10,discount,no_click
3282,young,IN,6,free_shipping,no_click
3283,adult,UK,7,discount,click
3284,young,US,6,buy1get1,click
3285,young,AU,1,buy1get1,click
3286,adult,UK,6,buy1get1,click
3287,young,US,2,free_shipping,no_click
3288,senior,CA,9,buy1get1,click
3289,adult,UK,0,buy1get1,no_click
3290,senior,CA,6,buy1get1,click
3291,senior,US,7,buy1get1,click
3292,young,US,6,free_shipping,no_click
3293,adult,CA,9,free_shipping,no_click
3294,young,US,4,free_shipping,no_click
3295,adult,US,8,buy1get1,no_click
3296,senior,CA,1,buy1get1,click
3297,adult,US,3,discount,click
3298,young,AU,9,discount,no_click
3299,young,CA,1,free_shipping,click
3300,senior,CA,6,discount,no_click
3301,young,UK,2,discount,no_click
3302,young,IN,3,free_shipping,click
3303,adult,US,1,discount,click
3304,adult,IN,1,discount,no_click
3305,senior,IN,5,discount,click
3306,young,AU,3,buy1get1,no_click
3307,senior,US,4,free_shipping,no_click
3308,young,CA,2,discount,click
3309,senior,AU,9,buy1get1,click
3310,senior,AU,4,free_shipping,no_click
3311,senior,AU,5,buy1get1,click
3312,senior,US,9,free_shipping,no_click
3313,adult,CA,3,buy1get1,no_click
3314,senior,UK,8,discount,no_click
3315,young,US,6,free_shipping,click
3316,adult,IN,0,discount,no_click
3317,young,US,7,free_shipping,click
3318,senior,CA,7,buy1get1,click
3319,young,UK,5,discount,no_click
3320,senior,CA,10,discount,no_click
3321,senior,AU,9,discount,no_click
3322,adult,CA,1,buy1get1,no_click
3323,adult,AU,8,buy1get1,click
3324,senior,AU,6,buy1get1,click
3325,senior,CA,4,buy1get1,click
3326,senior,AU,4,free_shipping,no_click
3327,adult,CA,6,discount,click
3328,young,AU,10,buy1get1,no_click
3329,senior,US,6,discount,no_click
3330,young,UK,6,buy1get1,click
3331,young,UK,4,discount,no_click
3332,senior,CA,7,discount,no_click
3333,young,IN,5,discount,no_click
3334,young,UK,6,discount,click
3335,senior,IN,7,buy1get1,click
3336,senior,AU,9,free_shipping,click
3337,senior,AU,7,free_shipping,no_click
3338,senior,IN,10,discount,no_click
3339,senior,CA,9,buy1get1,no_click
3340,senior,AU,0,discount,no_click
3341,young,AU,1,buy1get1,no_click
3342,adult,CA,8,buy1get1,no_click
3343,young,AU,7,buy1get1,no_click
3344,young,CA,4,discount,no_click
3345,adult,AU,4,free_shipping,no_click
3346,young,CA,10,buy1get1,no_click
3347,young,US,1,discount,no_click
3348,senior,CA,7,free_shipping,no_click
3349,young,IN,9,free_shipping,no_click
3350,senior,CA,1,buy1get1,click
3351,adult,CA,4,free_shipping,click
3352,senior,AU,0,free_shipping,no_click
3353,senior,IN,10,buy1get1,click
3354,young,US,10,discount,no_click
3355,young,AU,6,buy1get1,click
3356,adult,US,3,free_shipping,no_click
3357,adult,UK,2,free_shipping,no_click
3358,young,CA,1,discount,no_click
3359,adult,IN,5,discount,click
3360,senior,CA,4,free_shipping,no_click
3361,adult,CA,9,buy1get1,no_click
3362,young,IN,7,discount,no_click
3363,adult,CA,2,free_shipping,no_click
3364,senior,AU,5,buy1get1,click
3365,young,CA,8,discount,click
3366,senior,US,6,discount,no_click
3367,senior,UK,0,discount,no_click
3368,senior,CA,1,buy1get1,click
3369,adult,US,7,buy1get1,no_click
3370,senior,UK,10,free_shipping,no_click
3371,senior,IN,3,free_shipping,no_click
3372,adult,CA,1,buy1get1,click
3373,young,US,3,discount,click
3374,adult,CA,4,discount,click
3375,adult,IN,2,buy1get1,no_click
3376,senior,US,9,discount,no_click
3377,senior,US,6,buy1get1,no_click
3378,senior,IN,1,free_shipping,no_click
3379,young,AU,6,discount,no_click
3380,young,US,9,buy1get1,click
3381,young,IN,3,free_shipping,click
3382,young,US,2,discount,no_click
3383,young,US,2,free_shipping,click
3384,young,IN,1,discount,no_click
3385,senior,UK,1,discount,no_click
3386,adult,AU,9,discount,no_click
3387,young,US,1,free_shipping,click
3388,adult,AU,9,free_shipping,click
3389,adult,AU,8,discount,click
3390,young,AU,8,free_shipping,no_click
3391,adult,UK,5,free_shipping,click
3392,young,UK,8,discount,no_click
3393,young,IN,6,free_shipping,click
3394,senior,IN,5,free_shipping,no_click
3395,young,IN,5,free_shipping,no_click
3396,young,AU,1,free_shipping,click
3397,adult,CA,7,buy1get1,no_click
3398,senior,UK,6,discount,no_click
3399,senior,CA,7,discount,no_click
3400,adult,US,8,discount,no_click
3401,senior,CA,3,buy1get1,click
3402,senior,UK,2,buy1get1,click
3403,young,UK,5,free_shipping,click
3404,adult,US,5,buy1get1,no_click
3405,young,UK,4,buy1get1,no_click
3406,adult,UK,2,buy1get1,no_click
3407,adult,IN,1,buy1get1,no_click
3408,senior,IN,8,discount,no_click
3409,adult,UK,8,buy1get1,no_click
3410,senior,CA,2,discount,no_click
3411,adult,AU,2,discount,click
3412,adult,US,8,buy1get1,click
3413,adult,IN,6,free_shipping,no_click
3414,adult,AU,4,discount,click
3415,young,IN,6,free_shipping,no_click
3416,senior,UK,2,free_shipping,no_click
3417,adult,US,8,buy1get1,no_click
3418,young,IN,6,discount,no_click
3419,senior,AU,6,free_shipping,no_click
3420,senior,CA,1,free_shipping,no_click
3421,senior,UK,3,buy1get1,click
3422,adult,US,7,discount,click
3423,adult,AU,0,free_shipping,no_click
3424,senior,AU,6,free_shipping,no_click
3425,adult,AU,4,free_shipping,click
3426,senior,CA,7,free_shipping,click
3427,young,AU,8,discount,no_click
3428,young,CA,3,buy1get1,click
3429,senior,US,3,buy1get1,click
3430,young,IN,8,free_shipping,no_click
3431,adult,US,7,discount,click
3432,young,AU,9,buy1get1,no_click
3433,senior,AU,3,discount,click
3434,adult,CA,4,buy1get1,no_click
3435,young,US,8,buy1get1,no_click
3436,adult,CA,7,discount,click
3437,senior,IN,6,free_shipping,no_click
3438,young,US,7,buy1get1,click
3439,senior,CA,6,discount,no_click
3440,adult,CA,9,buy1get1,no_click
3441,young,UK,7,discount,no_click
3442,adult,UK,8,buy1get1,click
3443,adult,CA,1,free_shipping,no_click
3444,adult,US,1,buy1get1,no_click
3445,senior,IN,1,buy1get1,click
3446,senior,UK,2,free_shipping,no_click
3447,young,CA,6,discount,no_click
3448,senior,UK,2,buy1get1,click
3449,young,AU,4,free_shipping,click
3450,adult,CA,7,discount,no_click
3451,adult,CA,8,discount,click
3452,senior,AU,5,discount,no_click
3453,adult,CA,9,discount,no_click
3454,young,IN,6,free_shipping,no_click
3455,senior,US,6,free_shipping,no_click
3456,senior,US,0,buy1get1,no_click
3457,adult,AU,2,buy1get1,no_click
3458,young,US,8,buy1get1,no_click
3459,young,UK,0,free_shipping,click
3460,young,CA,9,buy1get1,click
3461,adult,CA,5,discount,no_click
3462,young,IN,9,free_shipping,click
3463,adult,UK,2,discount,click
3464,senior,US,9,free_shipping,no_click
3465,senior,IN,5,discount,click
3466,young,AU,4,discount,click
3467,adult,IN,4,buy1get1,no_click
3468,adult,CA,5,free_shipping,no_click
3469,young,UK,10,discount,no_click
3470,senior,IN,3,free_shipping,no_click
3471,adult,US,2,discount,click
3472,adult,AU,5,buy1get1,no_click
3473,senior,UK,2,discount,no_click
3474,young,AU,1,free_shipping,no_click
3475,senior,IN,10,discount,click
3476,adult,CA,4,free_shipping,no_click
3477,adult,CA,1,discount,click
3478,young,IN,1,free_shipping,no_click
3479,adult,CA,4,buy1get1,click
3480,young,US,0,discount,no_click
3481,young,AU,2,free_shipping,no_click
3482,senior,US,1,discount,no_click
3483,adult,US,3,free_shipping,no_click
3484,adult,US,9,free_shipping,no_click
3485,young,CA,9,free_shipping,click
3486,senior,US,5,discount,no_click
3487,adult,AU,2,discount,no_click
3488,adult,CA,10,discount,click
3489,young,UK,8,discount,no_click
3490,senior,UK,3,buy1get1,click
3491,adult,IN,4,free_shipping,no_click
3492,young,CA,7,discount,no_click
3493,young,US,6,free_shipping,no_click
3494,adult,CA,3,free_shipping,click
3495,senior,CA,5,discount,no_click
3496,young,UK,5,discount,click
3497,adult,CA,10,buy1get1,click
3498,senior,IN,2,buy1get1,click
3499,young,UK,5,free_shipping,no_click
3500,senior,IN,5,buy1get1,click
3501,young,UK,0,discount,no_click
3502,young,CA,6,buy1get1,no_click
3503,young,UK,1,free_shipping,click
3504,adult,AU,9,buy1get1,click
3505,adult,US,0,free_shipping,no_click
3506,young,AU,10,buy1get1,no_click
3507,senior,IN,6,buy1get1,no_click
3508,senior,US,6,discount,click
3509,young,CA,9,free_shipping,no_click
3510,adult,IN,1,discount,click
3511,adult,UK,10,buy1get1,no_click
3512,adult,US,2,free_shipping,click
3513,adult,UK,10,free_shipping,no_click
3514,senior,IN,8,discount,no_click
3515,senior,UK,3,free_shipping,no_click
3516,senior,CA,3,discount,no_click
3517,adult,IN,4,buy1get1,click
3518,senior,UK,0,discount,click
3519,adult,CA,4,discount,click
3520,adult,CA,4,discount,click
3521,adult,US,2,discount,no_click
3522,young,US,0,free_shipping,click
3523,senior,IN,3,buy1get1,click
3524,young,UK,5,free_shipping,click
3525,young,CA,0,discount,no_click
3526,adult,US,2,discount,no_click
3527,adult,AU,5,buy1get1,no_click
3528,adult,CA,7,buy1get1,no_click
3529,adult,CA,10,discount,no_click
3530,young,IN,9,free_shipping,no_click
3531,young,IN,5,discount,no_click
3532,adult,US,2,free_shipping,no_click
3533,senior,US,10,buy1get1,click
3534,senior,US,9,buy1get1,click
3535,young,US,5,free_shipping,click
3536,adult,IN,0,discount,click
3537,senior,IN,6,free_shipping,no_click
3538,adult,IN,7,free_shipping,click
3539,senior,US,9,free_shipping,no_click
3540,young,IN,8,discount,no_click
3541,senior,IN,6,free_shipping,no_click
3542,young,AU,8,discount,no_click
3543,senior,IN,8,discount,no_click
3544,adult,UK,7,buy1get1,no_click
3545,adult,IN,0,buy1get1,no_click
3546,young,IN,9,free_shipping,no_click
3547,young,US,3,discount,no_click
3548,senior,US,7,buy1get1,no_click
3549,senior,US,1,buy1get1,click
3550,adult,CA,6,discount,no_click
3551,senior,US,0,free_shipping,click
3552,senior,US,9,free_shipping,no_click
3553,senior,IN,0,discount,no_click
3554,adult,US,1,free_shipping,no_click
3555,adult,AU,10,free_shipping,click
3556,senior,AU,0,buy1get1,click
3557,young,IN,4,buy1get1,no_click
3558,senior,IN,3,free_shipping,no_click
3559,senior,AU,1,discount,no_click
3560,adult,US,7,discount,click
3561,adult,AU,7,discount,no_click
3562,senior,AU,5,discount,no_click
3563,young,UK,1,free_shipping,no_click
3564,young,CA,5,discount,no_click
3565,young,UK,4,free_shipping,click
3566,adult,US,6,free_shipping,no_click
3567,adult,UK,4,discount,click
3568,adult,US,1,discount,click
3569,adult,IN,1,free_shipping,no_click
3570,adult,IN,3,buy1get1,no_click
3571,young,IN,10,buy1get1,no_click
3572,senior,IN,5,discount,no_click
3573,senior,US,5,discount,no_click
3574,senior,IN,1,free_shipping,no_click
3575,adult,IN,6,buy1get1,no_click
3576,young,UK,5,discount,no_click
3577,young,UK,4,discount,no_click
3578,senior,UK,9,discount,no_click
3579,senior,IN,2,free_shipping,no_click
3580,young,US,7,discount,no_click
3581,senior,US,0,buy1get1,no_click
3582,senior,US,9,buy1get1,click
3583,young,AU,3,free_shipping,no_click
3584,senior,AU,1,discount,no_click
3585,senior,US,10,buy1get1,click
3586,young,CA,9,discount,click
3587,adult,IN,7,buy1get1,no_click
3588,senior,IN,2,free_shipping,no_click
3589,senior,AU,1,discount,click
3590,adult,US,4,buy1get1,no_click
3591,adult,AU,7,free_shipping,no_click
3592,senior,AU,5,free_shipping,no_click
3593,senior,AU,4,buy1get1,click
3594,young,AU,2,discount,no_click
3595,senior,AU,10,buy1get1,no_click
3596,adult,IN,3,buy1get1,no_click
3597,senior,UK,3,free_shipping,click
3598,adult,AU,1,free_shipping,no_click
3599,senior,UK,2,free_shipping,click
3600,adult,CA,6,buy1get1,no_click
3601,young,US,2,free_shipping,no_click
3602,senior,US,1,discount,click
3603,adult,CA,3,discount,click
3604,young,CA,6,discount,no_click
3605,young,AU,2,buy1get1,no_click
3606,senior,AU,4,buy1get1,click
3607,senior,CA,1,discount,no_click
3608,adult,IN,9,buy1get1,click
3609,young,US,10,buy1get1,no_click
3610,young,UK,5,free_shipping,click
3611,senior,AU,10,discount,no_click
3612,senior,CA,0,free_shipping,no_click
3613,senior,US,9,discount,no_click
3614,young,CA,4,buy1get1,no_click
3615,young,US,10,discount,click
3616,adult,US,4,discount,no_click
3617,young,IN,1,free_shipping,no_click
3618,senior,CA,8,buy1get1,click
3619,senior,IN,5,buy1get1,click
3620,young,UK,8,discount,no_click
3621,senior,AU,7,buy1get1,click
3622,senior,IN,9,discount,no_click
3623,adult,US,6,buy1get1,no_click
3624,senior,US,1,buy1get1,no_click
3625,senior,IN,7,discount,no_click
3626,young,AU,2,discount,no_click
3627,young,AU,1,free_shipping,no_click
3628,adult,AU,8,free_shipping,no_click
3629,senior,US,10,discount,no_click
3630,adult,AU,9,buy1get1,no_click
3631,young,AU,5,discount,no_click
3632,young,UK,7,free_shipping,click
3633,young,CA,4,free_shipping,no_click
3634,senior,CA,8,buy1get1,no_click
3635,young,US,4,free_shipping,click
3636,adult,IN,1,buy1get1,no_click
3637,adult,AU,9,buy1get1,no_click
3638,senior,IN,1,free_shipping,no_click
3639,adult,IN,4,buy1get1,no_click
3640,senior,IN,1,discount,no_click
3641,young,IN,10,free_shipping,click
3642,senior,CA,0,free_shipping,no_click
3643,senior,US,2,discount,no_click
3644,young,IN,3,discount,no_click
3645,young,IN,5,free_shipping,no_click
3646,adult,UK,2,buy1get1,no_click
3647,senior,US,8,discount,click
3648,senior,UK,4,discount,no_click
3649,senior,US,3,free_shipping,click
3650,adult,UK,2,discount,click
3651,senior,AU,1,discount,no_click
3652,adult,AU,1,buy1get1,no_click
3653,adult,AU,4,discount,no_click
3654,young,AU,9,discount,no_click
3655,senior,AU,8,discount,no_click
3656,senior,CA,10,free_shipping,no_click
3657,adult,AU,2,discount,no_click
3658,senior,IN,8,discount,no_click
3659,young,UK,1,discount,no_click
3660,young,CA,7,free_shipping,click
3661,young,US,6,free_shipping,click
3662,adult,AU,6,buy1get1,no_click
3663,adult,AU,10,buy1get1,no_click
3664,senior,UK,6,free_shipping,no_click
3665,senior,CA,10,buy1get1,click
3666,young,IN,6,discount,click
3667,young,IN,6,discount,no_click
3668,young,CA,8,discount,no_click
3669,senior,IN,6,discount,no_click
3670,senior,AU,2,discount,no_click
3671,senior,AU,8,buy1get1,click
3672,young,IN,5,buy1get1,no_click
3673,adult,AU,9,discount,click
3674,senior,UK,7,discount,no_click
3675,senior,AU,5,free_shipping,no_click
3676,senior,UK,1,free_shipping,no_click
3677,young,UK,3,discount,no_click
3678,senior,US,6,buy1get1,no_click
3679,adult,IN,5,buy1get1,no_click
3680,young,AU,2,discount,click
3681,adult,AU,3,discount,click
3682,senior,IN,2,free_shipping,no_click
3683,adult,US,9,buy1get1,no_click
3684,senior,US,10,discount,no_click
3685,young,CA,2,buy1get1,no_click
3686,young,CA,2,buy1get1,no_click
3687,adult,IN,3,free_shipping,no_click
3688,senior,UK,3,free_shipping,no_click
3689,senior,IN,1,discount,no_click
3690,young,US,9,free_shipping,no_click
3691,adult,CA,1,buy1get1,no_click
3692,senior,IN,2,free_shipping,no_click
3693,adult,IN,4,free_shipping,no_click
3694,senior,US,8,buy1get1,no_click
3695,young,UK,4,discount,no_click
3696,young,CA,0,free_shipping,click
3697,adult,UK,1,free_shipping,click
3698,young,UK,2,free_shipping,click
3699,senior,UK,5,free_shipping,no_click
3700,adult,IN,1,free_shipping,click
3701,adult,US,5,free_shipping,no_click
3702,adult,AU,8,free_shipping,no_click
3703,young,IN,10,free_shipping,no_click
3704,young,AU,3,free_shipping,no_click
3705,adult,IN,5,free_shipping,no_click
3706,adult,IN,5,discount,click
3707,senior,US,5,free_shipping,no_click
3708,young,UK,0,discount,no_click
3709,adult,IN,7,free_shipping,no_click
3710,senior,CA,8,discount,click
3711,adult,UK,2,free_shipping,no_click
3712,senior,UK,1,discount,click
3713,young,AU,1,discount,no_click
3714,senior,CA,8,buy1get1,click
3715,young,AU,0,buy1get1,no_click
3716,young,CA,6,buy1get1,no_click
3717,young,CA,5,buy1get1,no_click
3718,young,US,0,discount,no_click
3719,adult,IN,7,discount,click
3720,adult,AU,4,discount,no_click
3721,young,UK,3,free_shipping,no_click
3722,senior,US,1,buy1get1,no_click
3723,young,IN,0,buy1get1,no_click
3724,young,US,8,discount,click
3725,senior,US,6,free_shipping,no_click
3726,senior,CA,2,discount,no_click
3727,young,UK,6,buy1get1,no_click
3728,senior,AU,0,buy1get1,no_click
3729,adult,AU,4,free_shipping,no_click
3730,young,AU,3,buy1get1,no_click
3731,senior,IN,6,free_shipping,no_click
3732,senior,AU,4,discount,no_click
3733,senior,CA,3,free_shipping,no_click
3734,senior,CA,8,free_shipping,no_click
3735,adult,US,6,discount,click
3736,adult,CA,4,discount,click
3737,young,AU,8,discount,no_click
3738,senior,AU,10,buy1get1,click
3739,adult,IN,4,buy1get1,no_click
3740,young,US,1,free_shipping,click
3741,senior,IN,1,discount,no_click
3742,senior,CA,7,buy1get1,no_click
3743,adult,IN,5,discount,no_click
3744,adult,AU,5,discount,click
3745,young,AU,3,discount,no_click
3746,senior,AU,6,discount,no_click
3747,senior,US,7,discount,no_click
3748,adult,US,9,free_shipping,no_click
3749,senior,UK,3,buy1get1,click
3750,senior,IN,2,buy1get1,click
3751,young,CA,5,discount,no_click
3752,senior,AU,0,buy1get1,click
3753,young,AU,9,buy1get1,no_click
3754,senior,AU,2,free_shipping,click
3755,young,US,9,buy1get1,click
3756,adult,CA,7,free_shipping,no_click
3757,young,AU,8,free_shipping,click
3758,senior,AU,10,discount,click
3759,young,UK,1,buy1get1,click
3760,adult,CA,6,buy1get1,no_click
3761,senior,CA,1,free_shipping,no_click
3762,young,CA,5,buy1get1,click
3763,adult,UK,9,buy1get1,no_click
3764,senior,IN,2,free_shipping,no_click
3765,adult,AU,6,discount,no_click
3766,adult,CA,10,buy1get1,no_click
3767,adult,AU,6,discount,no_click
3768,senior,AU,4,discount,no_click
3769,adult,AU,3,buy1get1,no_click
3770,senior,CA,10,free_shipping,no_click
3771,young,IN,5,discount,no_click
3772,young,IN,10,buy1get1,no_click
3773,young,AU,1,discount,click
3774,adult,AU,1,discount,click
3775,senior,CA,5,free_shipping,no_click
3776,senior,CA,8,discount,no_click
3777,adult,IN,3,buy1get1,no_click
3778,senior,UK,5,discount,no_click
3779,adult,UK,2,discount,no_click
3780,senior,US,10,discount,no_click
3781,adult,CA,6,discount,no_click
3782,young,US,5,discount,no_click
3783,adult,UK,4,discount,click
3784,young,UK,5,free_shipping,click
3785,young,AU,0,buy1get1,no_click
3786,adult,US,7,buy1get1,click
3787,senior,IN,9,free_shipping,click
3788,senior,AU,6,buy1get1,no_click
3789,young,CA,4,buy1get1,no_click
3790,young,AU,6,free_shipping,click
3791,senior,CA,6,buy1get1,click
3792,senior,IN,5,buy1get1,click
3793,adult,CA,0,buy1get1,no_click
3794,young,UK,9,discount,no_click
3795,senior,US,9,free_shipping,no_click
3796,young,US,7,buy1get1,no_click
3797,young,AU,1,buy1get1,no_click
3798,young,UK,0,free_shipping,click
3799,young,CA,10,free_shipping,click
3800,adult,IN,3,free_shipping,no_click
3801,young,UK,0,discount,no_click
3802,adult,AU,0,buy1get1,no_click
3803,adult,US,2,discount,click
3804,senior,IN,3,discount,click
3805,senior,IN,5,buy1get1,no_click
3806,adult,UK,10,buy1get1,no_click
3807,young,US,0,buy1get1,no_click
3808,senior,IN,6,free_shipping,click
3809,senior,US,3,free_shipping,no_click
3810,adult,CA,1,free_shipping,no_click
3811,adult,CA,8,free_shipping,click
3812,senior,IN,8,free_shipping,no_click
3813,young,IN,3,discount,click
3814,young,US,9,free_shipping,click
3815,young,IN,5,buy1get1,click
3816,young,UK,6,buy1get1,no_click
3817,young,CA,1,discount,no_click
3818,adult,AU,5,buy1get1,no_click
3819,senior,UK,8,discount,no_click
3820,adult,IN,5,buy1get1,click
3821,senior,CA,4,free_shipping,no_click
3822,young,US,6,discount,no_click
3823,young,AU,4,buy1get1,no_click
3824,adult,US,6,discount,click
3825,young,UK,0,free_shipping,click
3826,senior,CA,7,discount,no_click
3827,young,UK,8,discount,no_click
3828,senior,UK,10,free_shipping,no_click
3829,adult,UK,5,buy1get1,no_click
3830,young,IN,4,buy1get1,no_click
3831,adult,CA,4,buy1get1,no_click
3832,young,US,3,free_shipping,click
3833,adult,IN,5,free_shipping,no_click
3834,adult,CA,4,buy1get1,no_click
3835,senior,AU,8,discount,no_click
3836,adult,AU,1,free_shipping,no_click
3837,adult,CA,7,free_shipping,no_click
3838,senior,AU,10,free_shipping,no_click
3839,senior,CA,4,discount,click
3840,senior,CA,0,free_shipping,no_click
3841,adult,IN,0,buy1get1,no_click
3842,young,AU,5,buy1get1,no_click
3843,senior,IN,3,free_shipping,no_click
3844,adult,US,9,discount,click
3845,senior,UK,8,discount,no_click
3846,young,AU,6,discount,no_click
3847,senior,CA,2,buy1get1,click
3848,adult,IN,5,discount,no_click
3849,young,CA,10,buy1get1,no_click
3850,adult,CA,7,discount,no_click
3851,senior,US,8,discount,no_click
3852,senior,CA,7,discount,no_click
3853,senior,US,0,free_shipping,no_click
3854,adult,AU,3,free_shipping,no_click
3855,senior,US,7,discount,click
3856,adult,UK,2,discount,no_click
3857,young,IN,10,free_shipping,click
3858,senior,IN,7,discount,no_click
3859,senior,UK,3,discount,no_click
3860,young,IN,8,free_shipping,no_click
3861,young,AU,4,discount,no_click
3862,senior,AU,10,discount,no_click
3863,adult,CA,1,buy1get1,no_click
3864,adult,IN,7,discount,click
3865,adult,US,1,free_shipping,no_click
3866,adult,IN,1,free_shipping,no_click
3867,senior,US,1,buy1get1,click
3868,senior,IN,0,buy1get1,click
3869,senior,IN,6,free_shipping,no_click
3870,senior,UK,10,buy1get1,click
3871,senior,CA,2,discount,no_click
3872,young,UK,2,free_shipping,no_click
3873,adult,UK,4,free_shipping,no_click
3874,adult,CA,8,buy1get1,no_click
3875,adult,IN,10,buy1get1,no_click
3876,young,IN,0,free_shipping,no_click
3877,adult,UK,1,free_shipping,click
3878,adult,IN,3,free_shipping,click
3879,senior,US,2,discount,no_click
3880,adult,US,7,free_shipping,no_click
3881,senior,US,6,discount,no_click
3882,young,CA,9,free_shipping,no_click
3883,adult,AU,10,discount,click
3884,adult,US,1,free_shipping,no_click
3885,young,US,6,buy1get1,click
3886,senior,AU,2,discount,click
3887,young,UK,1,free_shipping,click
3888,young,US,9,free_shipping,no_click
3889,adult,CA,8,discount,click
3890,senior,UK,2,buy1get1,click
3891,senior,IN,4,buy1get1,no_click
3892,senior,US,0,free_shipping,no_click
3893,adult,AU,10,buy1get1,no_click
3894,young,UK,3,buy1get1,no_click
3895,senior,IN,0,buy1get1,click
3896,young,CA,10,free_shipping,click
3897,senior,CA,3,buy1get1,click
3898,adult,IN,2,discount,click
3899,senior,IN,6,discount,no_click
3900,adult,IN,6,free_shipping,no_click
3901,senior,CA,6,buy1get1,no_click
3902,senior,AU,3,free_shipping,click
3903,adult,IN,5,buy1get1,no_click
3904,adult,IN,6,buy1get1,no_click
3905,young,UK,5,free_shipping,no_click
3906,adult,IN,7,free_shipping,no_click
3907,senior,UK,4,buy1get1,click
3908,adult,AU,3,buy1get1,no_click
3909,adult,CA,1,discount,click
3910,senior,AU,2,discount,no_click
3911,young,CA,0,buy1get1,no_click
3912,senior,CA,0,free_shipping,click
3913,adult,IN,3,free_shipping,no_click
3914,adult,UK,5,discount,click
3915,young,CA,8,free_shipping,no_click
3916,young,US,0,buy1get1,no_click
3917,senior,IN,0,discount,no_click
3918,senior,UK,5,buy1get1,no_click
3919,adult,AU,4,free_shipping,click
3920,adult,UK,8,buy1get1,no_click
3921,young,AU,8,buy1get1,no_click
3922,young,UK,10,buy1get1,no_click
3923,adult,US,3,buy1get1,no_click
3924,senior,CA,9,free_shipping,no_click
3925,adult,AU,6,discount,click
3926,young,CA,8,free_shipping,click
3927,senior,AU,7,buy1get1,no_click
3928,senior,IN,0,free_shipping,click
3929,senior,IN,4,buy1get1,click
3930,young,IN,7,discount,no_click
3931,senior,IN,9,free_shipping,click
3932,senior,AU,7,free_shipping,no_click
3933,adult,US,2,buy1get1,no_click
3934,adult,AU,8,discount,click
3935,adult,US,6,discount,click
3936,senior,IN,1,discount,no_click
3937,young,AU,0,discount,no_click
3938,young,CA,6,free_shipping,no_click
3939,senior,CA,9,discount,no_click
3940,young,AU,1,discount,no_click
3941,senior,UK,9,buy1get1,no_click
3942,adult,CA,1,free_shipping,no_click
3943,young,AU,4,discount,no_click
3944,young,CA,8,discount,no_click
3945,adult,AU,3,discount,no_click
3946,adult,AU,8,free_shipping,no_click
3947,adult,CA,10,discount,click
3948,adult,CA,6,buy1get1,no_click
3949,adult,CA,10,free_shipping,no_click
3950,senior,IN,8,buy1get1,click
3951,adult,UK,5,discount,no_click
3952,adult,IN,4,buy1get1,no_click
3953,young,US,2,buy1get1,no_click
3954,senior,CA,0,buy1get1,click
3955,senior,CA,8,buy1get1,no_click
3956,young,US,10,buy1get1,no_click
3957,adult,IN,10,buy1get1,no_click
3958,young,IN,1,discount,no_click
3959,young,IN,8,free_shipping,no_click
3960,young,IN,5,buy1get1,click
3961,adult,UK,6,buy1get1,click
3962,adult,US,1,buy1get1,no_click
3963,adult,US,0,buy1get1,no_click
3964,adult,IN,4,buy1get1,click
3965,senior,IN,10,free_shipping,no_click
3966,young,AU,3,discount,no_click
3967,adult,UK,4,buy1get1,no_click
3968,adult,UK,0,free_shipping,no_click
3969,young,US,1,buy1get1,no_click
3970,adult,US,6,free_shipping,no_click
3971,adult,CA,3,free_shipping,no_click
3972,adult,US,3,discount,click
3973,senior,AU,1,free_shipping,click
3974,senior,AU,3,buy1get1,no_click
3975,senior,UK,10,discount,no_click
3976,senior,CA,6,buy1get1,click
3977,adult,UK,9,discount,no_click
3978,senior,UK,0,discount,no_click
3979,adult,CA,3,discount,no_click
3980,adult,AU,2,discount,click
3981,young,IN,0,free_shipping,no_click
3982,young,CA,7,discount,no_click
3983,adult,AU,6,discount,no_click
3984,senior,UK,0,free_shipping,click
3985,young,US,9,free_shipping,no_click
3986,adult,IN,10,buy1get1,no_click
3987,adult,UK,5,buy1get1,no_click
3988,adult,AU,4,free_shipping,no_click
3989,young,IN,6,discount,no_click
3990,young,UK,4,discount,no_click
3991,adult,CA,6,free_shipping,no_click
3992,young,US,0,free_shipping,click
3993,young,IN,10,discount,click
3994,senior,US,3,free_shipping,no_click
3995,senior,US,4,discount,no_click
3996,young,IN,6,discount,no_click
3997,adult,UK,10,discount,click
3998,adult,IN,2,free_shipping,no_click
3999,young,AU,2,buy1get1,no_click
